[
    {
        "image": {
            "path": "https:\/\/picsum.photos\/200\/200?image=818"
        },
        "description": "Lorem ipsum dolor sit amet, consectetuer adipiscing elit. Aenean commodo ligula eget dolor. Aenean massa.",
        "name": "Anna Szymanek",
        "title": "Chairman",
        "_mby": "5adb8778232d0doc1059668146",
        "_by": "5adb8778232d0doc1059668146",
        "_modified": 1527082716,
        "_created": 1527081868,
        "_id": "5b056b8c89936doc1586363642",
        "_order": 0,
        "title_pl": "Przewodnicz\u0105cy",
        "title_ua": "\u0433\u043e\u043b\u043e\u0432\u0430",
        "description_pl": "Lorem ipsum dolor sit amet, consectetuer adipiscing elit. Aenean commodo ligula eget dolor. Aenean massa.",
        "description_ua": "Lorem ipsum dolor sit amet, consectetuer adipiscing elit. Aenean commodo ligula eget dolor. Aenean massa."
    },
    {
        "name": "Chuck \"Half-kick\" Norris",
        "title": "Deputy-chairman",
        "description": "Lorem ipsum dolor sit amet, consectetuer adipiscing elit. Aenean commodo ligula eget dolor. Aenean massa.",
        "image": {
            "path": "https:\/\/picsum.photos\/200\/200?image=768"
        },
        "_mby": "5adb8778232d0doc1059668146",
        "_by": "5adb8778232d0doc1059668146",
        "_modified": 1527082605,
        "_created": 1527082434,
        "_id": "5b056dc26c860doc1717365200",
        "title_pl": "Zast\u0119pca przewodnicz\u0105cego",
        "title_ua": "\u0417\u0430\u0441\u0442\u0443\u043f\u043d\u0438\u043a \u0433\u043e\u043b\u043e\u0432\u0438",
        "description_pl": "Lorem ipsum dolor sit amet, consectetuer adipiscing elit. Aenean commodo ligula eget dolor. Aenean massa.",
        "description_ua": "Lorem ipsum dolor sit amet, consectetuer adipiscing elit. Aenean commodo ligula eget dolor. Aenean massa.",
        "_order": 1
    },
    {
        "name": "Kamil Markiewicz",
        "title": "Member",
        "title_pl": "Dzia\u0142acz",
        "title_ua": "\u0427\u043b\u0435\u043d",
        "description": "Lorem ipsum dolor sit amet, consectetuer adipiscing elit. Aenean commodo ligula eget dolor. Aenean massa.",
        "description_pl": "Lorem ipsum dolor sit amet, consectetuer adipiscing elit. Aenean commodo ligula eget dolor. Aenean massa.",
        "description_ua": "Lorem ipsum dolor sit amet, consectetuer adipiscing elit. Aenean commodo ligula eget dolor. Aenean massa.",
        "image": {
            "path": "https:\/\/picsum.photos\/200\/200?image=669"
        },
        "_mby": "5adb8778232d0doc1059668146",
        "_by": "5adb8778232d0doc1059668146",
        "_modified": 1527082903,
        "_created": 1527082880,
        "_id": "5b056f80f3073doc1449248429"
    }
]