[
    {
        "title": "First gallery",
        "title_pl": "Pierwsza galeria",
        "title_ua": "\u041f\u0435\u0440\u0448\u0430 \u0433\u0430\u043b\u0435\u0440\u0435\u044f",
        "images": [
            {
                "meta": {
                    "title": "",
                    "asset": "5ae57e2ab1230doc1756687689"
                },
                "path": "\/storage\/uploads\/2018\/04\/29\/5ae57e2aa03381039.jpg"
            },
            {
                "meta": {
                    "title": "",
                    "asset": "5ae57e2a20f3adoc330578580"
                },
                "path": "\/storage\/uploads\/2018\/04\/29\/5ae57e2a0e6c71036.jpg"
            },
            {
                "meta": {
                    "title": "",
                    "asset": "5ae57e2a4c841doc548907052"
                },
                "path": "\/storage\/uploads\/2018\/04\/29\/5ae57e2a3c9751037.jpg"
            },
            {
                "meta": {
                    "title": "",
                    "asset": "5ae57e2a7b011doc1522123220"
                },
                "path": "\/storage\/uploads\/2018\/04\/29\/5ae57e2a6d42e1038.jpg"
            },
            {
                "meta": {
                    "title": "",
                    "asset": "5ae57e2b18eebdoc453608008"
                },
                "path": "\/storage\/uploads\/2018\/04\/29\/5ae57e2b04eb61041.jpg"
            },
            {
                "meta": {
                    "title": "",
                    "asset": "5ae57e2ad7bf8doc1165991440"
                },
                "path": "\/storage\/uploads\/2018\/04\/29\/5ae57e2ac8f741040.jpg"
            },
            {
                "meta": {
                    "title": "",
                    "asset": "5ae57e294855ddoc1952497214"
                },
                "path": "\/storage\/uploads\/2018\/04\/29\/5ae57e2938fe91031.jpg"
            },
            {
                "meta": {
                    "title": "",
                    "asset": "5ae57e2970d3ddoc646181043"
                },
                "path": "\/storage\/uploads\/2018\/04\/29\/5ae57e29607681032.jpg"
            },
            {
                "meta": {
                    "title": "",
                    "asset": "5ae57e2996733doc1066791011"
                },
                "path": "\/storage\/uploads\/2018\/04\/29\/5ae57e298814d1033.jpg"
            },
            {
                "meta": {
                    "title": "",
                    "asset": "5ae57e29dc5c7doc1474185002"
                },
                "path": "\/storage\/uploads\/2018\/04\/29\/5ae57e29cc7981035.jpg"
            },
            {
                "meta": {
                    "title": "",
                    "asset": "5ae57e2825366doc1389210095"
                },
                "path": "\/storage\/uploads\/2018\/04\/29\/5ae57e28102421024.jpg"
            },
            {
                "meta": {
                    "title": "",
                    "asset": "5ae57e284c3afdoc2068063710"
                },
                "path": "\/storage\/uploads\/2018\/04\/29\/5ae57e283df721025.jpg"
            },
            {
                "meta": {
                    "title": "",
                    "asset": "5ae57e2883716doc2129144848"
                },
                "path": "\/storage\/uploads\/2018\/04\/29\/5ae57e2872afd1026.jpg"
            },
            {
                "meta": {
                    "title": "",
                    "asset": "5ae57e28a57fcdoc589346888"
                },
                "path": "\/storage\/uploads\/2018\/04\/29\/5ae57e289b7281027.jpg"
            },
            {
                "meta": {
                    "title": "",
                    "asset": "5ae57e28cecfddoc1332453491"
                },
                "path": "\/storage\/uploads\/2018\/04\/29\/5ae57e28bd8311028.jpg"
            },
            {
                "meta": {
                    "title": "",
                    "asset": "5ae57e2903f98doc1045545650"
                },
                "path": "\/storage\/uploads\/2018\/04\/29\/5ae57e28e788f1029.jpg"
            },
            {
                "meta": {
                    "title": "",
                    "asset": "5ae57e2784467doc836215124"
                },
                "path": "\/storage\/uploads\/2018\/04\/29\/5ae57e27773e51021.jpg"
            },
            {
                "meta": {
                    "title": "",
                    "asset": "5ae57e27b3f5ddoc802073847"
                },
                "path": "\/storage\/uploads\/2018\/04\/29\/5ae57e27a5fff1022.jpg"
            },
            {
                "meta": {
                    "title": "",
                    "asset": "5ae57e27e8a72doc109270370"
                },
                "path": "\/storage\/uploads\/2018\/04\/29\/5ae57e27d8a761023.jpg"
            }
        ],
        "_mby": "5adb8778232d0doc1059668146",
        "_by": "5adb8778232d0doc1059668146",
        "_modified": 1527199856,
        "_created": 1524989587,
        "_id": "5ae57e9397300doc782528193",
        "image": {
            "path": "\/storage\/uploads\/2018\/04\/26\/5ae258ff2ac8d295.jpg"
        },
        "entries": [
            {
                "meta": {
                    "title": "",
                    "asset": "5ae57e2b18eebdoc453608008"
                },
                "path": "\/storage\/uploads\/2018\/04\/29\/5ae57e2b04eb61041.jpg"
            },
            {
                "meta": {
                    "title": "",
                    "asset": "5ae57e2a20f3adoc330578580"
                },
                "path": "\/storage\/uploads\/2018\/04\/29\/5ae57e2a0e6c71036.jpg"
            },
            {
                "meta": {
                    "title": "",
                    "asset": "5ae57e2a4c841doc548907052"
                },
                "path": "\/storage\/uploads\/2018\/04\/29\/5ae57e2a3c9751037.jpg"
            },
            {
                "meta": {
                    "title": "",
                    "asset": "5ae57e2ab1230doc1756687689"
                },
                "path": "\/storage\/uploads\/2018\/04\/29\/5ae57e2aa03381039.jpg"
            },
            {
                "meta": {
                    "title": "",
                    "asset": "5ae57e2a7b011doc1522123220"
                },
                "path": "\/storage\/uploads\/2018\/04\/29\/5ae57e2a6d42e1038.jpg"
            },
            {
                "meta": {
                    "title": "",
                    "asset": "5ae57e2996733doc1066791011"
                },
                "path": "\/storage\/uploads\/2018\/04\/29\/5ae57e298814d1033.jpg"
            },
            {
                "meta": {
                    "title": "",
                    "asset": "5ae57e2970d3ddoc646181043"
                },
                "path": "\/storage\/uploads\/2018\/04\/29\/5ae57e29607681032.jpg"
            },
            {
                "meta": {
                    "title": "",
                    "asset": "5ae57e294855ddoc1952497214"
                },
                "path": "\/storage\/uploads\/2018\/04\/29\/5ae57e2938fe91031.jpg"
            },
            {
                "meta": {
                    "title": "",
                    "asset": "5ae57e2ad7bf8doc1165991440"
                },
                "path": "\/storage\/uploads\/2018\/04\/29\/5ae57e2ac8f741040.jpg"
            },
            {
                "meta": {
                    "title": "",
                    "asset": "5ae57e29dc5c7doc1474185002"
                },
                "path": "\/storage\/uploads\/2018\/04\/29\/5ae57e29cc7981035.jpg"
            },
            {
                "meta": {
                    "title": "",
                    "asset": "5ae57e2825366doc1389210095"
                },
                "path": "\/storage\/uploads\/2018\/04\/29\/5ae57e28102421024.jpg"
            },
            {
                "meta": {
                    "title": "",
                    "asset": "5ae57e284c3afdoc2068063710"
                },
                "path": "\/storage\/uploads\/2018\/04\/29\/5ae57e283df721025.jpg"
            },
            {
                "meta": {
                    "title": "",
                    "asset": "5ae57e2883716doc2129144848"
                },
                "path": "\/storage\/uploads\/2018\/04\/29\/5ae57e2872afd1026.jpg"
            },
            {
                "meta": {
                    "title": "",
                    "asset": "5ae57e28a57fcdoc589346888"
                },
                "path": "\/storage\/uploads\/2018\/04\/29\/5ae57e289b7281027.jpg"
            },
            {
                "meta": {
                    "title": "",
                    "asset": "5ae57e28cecfddoc1332453491"
                },
                "path": "\/storage\/uploads\/2018\/04\/29\/5ae57e28bd8311028.jpg"
            },
            {
                "meta": {
                    "title": "",
                    "asset": "5ae57e2903f98doc1045545650"
                },
                "path": "\/storage\/uploads\/2018\/04\/29\/5ae57e28e788f1029.jpg"
            },
            {
                "meta": {
                    "title": "",
                    "asset": "5ae57e2784467doc836215124"
                },
                "path": "\/storage\/uploads\/2018\/04\/29\/5ae57e27773e51021.jpg"
            },
            {
                "meta": {
                    "title": "",
                    "asset": "5ae57e27b3f5ddoc802073847"
                },
                "path": "\/storage\/uploads\/2018\/04\/29\/5ae57e27a5fff1022.jpg"
            },
            {
                "meta": {
                    "title": "",
                    "asset": "5ae57e27e8a72doc109270370"
                },
                "path": "\/storage\/uploads\/2018\/04\/29\/5ae57e27d8a761023.jpg"
            }
        ],
        "published": true,
        "description": "Lorem ipsum dolor sit amet, consectetur adipiscing vehicula id nulla dignissim dapibus ultrices.",
        "description_pl": "Lorem ipsum dolor sit amet, consectetur adipiscing vehicula id nulla dignissim dapibus ultrices.",
        "description_ua": "Lorem ipsum dolor sit amet, consectetur adipiscing vehicula id nulla dignissim dapibus ultrices.",
        "title_slug": "first-gallery",
        "title_pl_slug": "pierwsza-galeria",
        "title_ua_slug": "persha-galereya"
    }
]