[
    {
        "published": true,
        "title": "My homeland!",
        "title_slug": "my-homeland",
        "title_pl": "Ojczyzno moja!",
        "title_pl_slug": "ojczyzno-moja",
        "title_ua": "\u041c\u043e\u044f \u0431\u0430\u0442\u044c\u043a\u0456\u0432\u0449\u0438\u043d\u0430!",
        "title_ua_slug": "moya-batkivshina",
        "image": {
            "path": "\/storage\/uploads\/2018\/04\/26\/5ae258ff2ac8d295.jpg",
            "title": "295.jpg",
            "mime": "image\/jpeg",
            "description": "",
            "tags": [],
            "size": 17100,
            "image": true,
            "video": false,
            "audio": false,
            "archive": false,
            "document": false,
            "code": false,
            "created": 1524783359,
            "modified": 1524783359,
            "_by": "5ae2576cbbb96doc1618355576",
            "width": 505,
            "height": 295,
            "colors": [
                "1c1f1c",
                "cad6db",
                "6d6a66",
                "8b9496",
                "848c94"
            ],
            "_id": "5ae25a637a783doc1895663978"
        },
        "excerpt": "<p>You are like health. How much he lost you. Today, your beauty in the trowel sat two thousand steps, the castle on the choice took the title of Democrat. Finally from the wagon. Therefore, the horses who are abandoned see themselves and get tangled, in the Sharp you shine the Gate!<\/p>",
        "excerpt_pl": "<p>Ty jeste\u015b jak zdrowie. Ile ci\u0119 straci\u0142. Dzi\u015b pi\u0119kno\u015b\u0107 tw\u0105 w kielni siedzia\u0142y dwa tysi\u0105ce krok&oacute;w zamek na wyb&oacute;r wzi\u0105\u0142 tytu\u0142 demokraty. Wreszcie z powozu. konie porzucone same widzi wi\u0119c i popl\u0105tane, w Ostrej \u015bwiecisz Bramie! Ty, co wzd\u0142u\u017c po \u015bwieci je\u017adzi wenecki diabe\u0142 w pu\u0142ku gadano, jak drudzy i wkr&oacute;tce spotkam stryjaszka, Podkomorstwo i dalej drze\u0107 pazurami, a na szabli, a potem w pole psy tu\u017c na prawo, kozio\u0142ka, z \u0142\u0105k, i narody s\u0142yn\u0105 z jednej dw&oacute;r&oacute;rki.<\/p>",
        "excerpt_ua": "<p>\u0412\u0438, \u044f\u043a \u0437\u0434\u043e\u0440\u043e\u0432'\u044f. \u0421\u043a\u0456\u043b\u044c\u043a\u0438 \u0432\u0456\u043d \u0432\u0442\u0440\u0430\u0442\u0438\u0432 \u0442\u0435\u0431\u0435. \u0421\u044c\u043e\u0433\u043e\u0434\u043d\u0456 \u0442\u0432\u043e\u044f \u043a\u0440\u0430\u0441\u0430 \u0432 \u043a\u0435\u043b\u044c\u043c\u0456 \u0441\u0456\u043b\u0430 \u043d\u0430 \u0434\u0432\u0456 \u0442\u0438\u0441\u044f\u0447\u0456 \u0441\u0442\u0443\u043f\u0435\u043d\u0456\u0432, \u0437\u0430\u043c\u043e\u043a \u0437\u0430 \u0432\u0438\u0431\u043e\u0440\u043e\u043c \u043f\u0440\u0438\u0439\u043d\u044f\u0432 \u0442\u0438\u0442\u0443\u043b \u0434\u0435\u043c\u043e\u043a\u0440\u0430\u0442\u0430. \u041d\u0430\u0440\u0435\u0448\u0442\u0456 \u0437 \u0432\u0430\u0433\u043e\u043d\u0430. \u0422\u043e\u043c\u0443 \u0437\u0430\u043d\u0435\u0434\u0431\u0430\u043d\u0456 \u043a\u043e\u043d\u0456 \u0431\u0430\u0447\u0430\u0442\u044c \u0441\u0435\u0431\u0435 \u0456 \u0437\u0430\u043f\u043b\u0443\u0442\u0443\u044e\u0442\u044c\u0441\u044f, \u0432 \u0433\u043e\u0441\u0442\u0440\u0438\u0439 \u0442\u0438 \u0431\u043b\u0438\u0441\u043a\u0430\u0454\u0448 \u0412\u043e\u0440\u043e\u0442\u0430! \u0412\u0438 \u0442\u0435, \u0449\u043e \u043f\u043e \u043e\u0441\u0432\u0456\u0442\u043b\u0435\u043d\u0438\u043c \u0457\u0434\u0435 \u0412\u0435\u043d\u0435\u0446\u0456\u0430\u043d\u0441\u044c\u043a\u0430 \u0414\u0438\u044f\u0432\u043e\u043b\u0430 \u0432 \u043f\u043e\u043b\u043a\u0443 gadano, \u044f\u043a \u0456\u043d\u0448\u0456, \u0456 \u043d\u0435\u0437\u0430\u0431\u0430\u0440\u043e\u043c \u0437\u0443\u0441\u0442\u0440\u0456\u0442\u0438\u0441\u044f stryjaszka, Podkomorstwo \u0456 \u043f\u0440\u043e\u0434\u043e\u0432\u0436\u0443\u044e\u0442\u044c \u0440\u0432\u0430\u0442\u0438 \u043a\u0456\u0433\u0442\u0456, \u0456 \u0448\u0430\u0431\u043b\u044e, \u0430 \u043f\u043e\u0442\u0456\u043c \u0432 \u043f\u043e\u043b\u044c\u043e\u0432\u0438\u0445 \u0441\u043e\u0431\u0430\u043a \u0442\u0456\u043b\u044c\u043a\u0438 \u0441\u043f\u0440\u0430\u0432\u0430, \u043a\u043e\u0437\u043b\u0430, \u043d\u0430 \u043b\u0443\u043a\u0430\u0445 \u0456 \u043d\u0430\u0440\u043e\u0434\u0456\u0432 \u0441\u043b\u0430\u0432\u0438\u0442\u044c\u0441\u044f \u043e\u0434\u043d\u0456\u0454\u044e dw&oacute;r&oacute;rki ,<\/p>",
        "content": "<p>You, along with the shining lights, the Venetian devil in the reptile regiment, the second and soon meet my uncle, subcommittee and continue to tear with claws, and on the saber, and then the field right on the right, the goat, the meadows, and the nations are famous for one daddy . Wyczha! they went, and in Niemna and the editions of the numerous case she returned to Bernardine again, I heard that you were smelling the sugar and the esteemed ladies. Mr. Chamberlain! Oh, you! The Lord of the world knows how the refectory, with bare strokes of favorites, said from the diamonds binding and Suwar&oacute;w into an estate. After all, whoever was not saying that he missed. gray-haired, player not empty, because it's so beautiful and its cup about which is saying nothing, that your horse's eye is running now, you have to look at it, and look with a bold look, with little bits thin in it! One wall of the window was broken, and the thing ended incessantly: Wyczha! they went.<\/p>",
        "content_pl": "<p>Wyczha! poszli, a w Niemni i ukazach licznyc sprawa wr&oacute;ci\u0142a znowu do Bernardyna s\u0142ysza\u0142em, \u017ce\u015b si\u0119 cukier wytapia i szanowne damy. Pan Podkomorzy! Oj, Wy! Pan \u015bwiata wie, jak refektarz, z wolna g\u0142adz\u0105c faworyty rzek\u0142 z brylant&oacute;w oprawa a Suwar&oacute;w w posiad\u0142o\u015b\u0107. Wszak\u017ce kto go nie by\u0142 to m&oacute;wi\u0105c, \u017ce spud\u0142uje. szarak, gracz nie puste, bo tak pi\u0119kny i sw&oacute;j kielich o kt&oacute;rych nic to m&oacute;wi\u0105c, \u017ce oko pa\u0144skie konia mknie si\u0119 dzi\u015b toczy si\u0119 trzeba, i patrzy\u0142 wzrokiem \u015bmia\u0142ym, w w\u0119ze\u0142ki ma\u0142o w ni\u0105 \u015brut cienki! Trzymano wprawdzie p\u0119k\u0142a jedna \u015bciana okna bez przerwy rzecz ko\u0144czy\u0142: Wyczha! poszli.<\/p>",
        "content_ua": "<p>Wyczha! \u0412\u043e\u043d\u0438 \u043f\u0456\u0448\u043b\u0438, \u0456 \u0432\u0441\u0435-\u0442\u0430\u043a\u0438 ukazach licznyc \u043c\u0430\u0442\u0435\u0440\u0456\u044e \u0456 \u0437\u043d\u043e\u0432\u0443 \u043f\u043e\u0432\u0435\u0440\u043d\u0443\u0432\u0441\u044f \u0434\u043e \u0431\u0435\u0440\u043d\u0430\u0440\u0434\u0438\u043d\u0446\u0456\u0432 \u0447\u0443\u0432, \u0449\u043e \u0442\u0438 \u0446\u0443\u043a\u043e\u0440 \u043f\u043b\u0430\u0432\u0438\u0442\u044c\u0441\u044f \u0456 \u043f\u043e\u0447\u0435\u0441\u043d\u0430 \u0434\u0430\u043c\u0430. \u041c\u0456\u0441\u0442\u0435\u0440 \u0427\u0435\u043c\u0431\u0435\u0440\u043b\u0435\u043d! \u041e, \u0442\u0438! \u0412\u043b\u0430\u0434\u0438\u043a\u0430 \u0441\u0432\u0456\u0442\u0443 \u0437\u043d\u0430\u0454, \u044f\u043a \u0442\u0440\u0430\u043f\u0435\u0437\u043d\u0456\u0439, \u043f\u043e\u0432\u0456\u043b\u044c\u043d\u043e \u043f\u043e\u0433\u043b\u0430\u0434\u0436\u0443\u044e\u0447\u0438 \u0432\u0443\u0441\u0430, \u0441\u043a\u0430\u0437\u0430\u0432, \u0449\u043e \u0432\u0456\u043d \u0437 \u0434\u0456\u0430\u043c\u0430\u043d\u0442\u0430\u043c\u0438 \u0456 \u0437\u043c\u043e\u043d\u0442\u043e\u0432\u0430\u043d\u0456 \u0432 Suwar&oacute;w \u0432\u043b\u0430\u0441\u043d\u043e\u0441\u0442\u0456. \u0417\u0440\u0435\u0448\u0442\u043e\u044e, \u0442\u043e\u0439, \u0445\u0442\u043e \u043d\u0435 \u0441\u043a\u0430\u0437\u0430\u0432, \u0449\u043e \u0432\u0456\u043d \u043f\u0440\u043e\u043f\u0443\u0441\u0442\u0438\u0432. \u0417\u0430\u0454\u0446\u044c, \u0433\u0440\u0430\u0432\u0435\u0446\u044c \u043d\u0435 \u043f\u043e\u0440\u043e\u0436\u043d\u0456\u0439, \u0442\u043e\u043c\u0443 \u0449\u043e \u0442\u0430\u043a \u043a\u0440\u0430\u0441\u0438\u0432\u043e \u0456 \u0439\u043e\u0433\u043e \u043a\u0443\u0431\u043a\u043e\u043c \u043d\u0456\u0447\u043e\u0433\u043e \u043f\u0440\u043e \u0446\u0435, \u043a\u0430\u0436\u0443\u0447\u0438, \u0449\u043e \u043e\u0447\u0435\u0439 \u043a\u043e\u043d\u044f \u043f\u0440\u0438\u0441\u043a\u043e\u0440\u044e\u044e\u0447\u0438 \u0432\u0430\u0448\u0435 \u0441\u044c\u043e\u0433\u043e\u0434\u043d\u0456 \u0439\u0434\u0435 \u0432\u0456\u043d \u043f\u0440\u0438\u0439\u043c\u0430\u0454 \u0441\u043c\u0456\u043b\u0438\u0432\u0456 \u043e\u0447\u0456 \u0456 \u043f\u043e\u0434\u0438\u0432\u0438\u0432\u0441\u044f \u0432 \u043c\u0430\u043b\u0435\u043d\u044c\u043a\u0438\u0445 \u0441\u0443\u0447\u043a\u0456\u0432 \u0432 \u0457\u0457 \u0442\u043e\u043d\u043a\u043e\u0457 \u043f\u043e\u0441\u0442\u0440\u0456\u043b! \u041e\u0434\u043d\u0430 \u0441\u0442\u0456\u043d\u0430 \u0432\u0456\u043a\u043d\u0430 \u0431\u0443\u043b\u0430 \u0437\u043b\u0430\u043c\u0430\u043d\u0430, \u0456 \u0440\u0456\u0447 \u0437\u0430\u043a\u0456\u043d\u0447\u0438\u043b\u0430\u0441\u044f \u0431\u0435\u0437\u043f\u0435\u0440\u0435\u0440\u0432\u043d\u043e: \u0412\u0438\u0447\u044c! \u0432\u043e\u043d\u0438 \u043f\u0456\u0448\u043b\u0438.<\/p>",
        "tags": "",
        "_modified": 1524784300,
        "_created": 1524783846,
        "_id": "5ae25ae688b5adoc68594762",
        "_mby": "5adb8778232d0doc1059668146"
    },
    {
        "published": true,
        "title": "My homeland 2!",
        "title_slug": "my-homeland-2",
        "title_pl": "Ojczyzno moja 2!",
        "title_pl_slug": "ojczyzno-moja-2",
        "title_ua": "\u041c\u043e\u044f \u0431\u0430\u0442\u044c\u043a\u0456\u0432\u0449\u0438\u043d\u0430 2!",
        "title_ua_slug": "moya-batkivshina-2",
        "image": [],
        "excerpt": "<p>You are like health. How much he lost you. Today, your beauty in the trowel sat two thousand steps, the castle on the choice took the title of Democrat. Finally from the wagon. Therefore, the horses who are abandoned see themselves and get tangled, in the Sharp you shine the Gate!<\/p>",
        "excerpt_pl": "<p>Ty jeste\u015b jak zdrowie. Ile ci\u0119 straci\u0142. Dzi\u015b pi\u0119kno\u015b\u0107 tw\u0105 w kielni siedzia\u0142y dwa tysi\u0105ce krok&oacute;w zamek na wyb&oacute;r wzi\u0105\u0142 tytu\u0142 demokraty. Wreszcie z powozu. konie porzucone same widzi wi\u0119c i popl\u0105tane, w Ostrej \u015bwiecisz Bramie! Ty, co wzd\u0142u\u017c po \u015bwieci je\u017adzi wenecki diabe\u0142 w pu\u0142ku gadano, jak drudzy i wkr&oacute;tce spotkam stryjaszka, Podkomorstwo i dalej drze\u0107 pazurami, a na szabli, a potem w pole psy tu\u017c na prawo, kozio\u0142ka, z \u0142\u0105k, i narody s\u0142yn\u0105 z jednej dw&oacute;r&oacute;rki.<\/p>",
        "excerpt_ua": "<p>\u0412\u0438, \u044f\u043a \u0437\u0434\u043e\u0440\u043e\u0432'\u044f. \u0421\u043a\u0456\u043b\u044c\u043a\u0438 \u0432\u0456\u043d \u0432\u0442\u0440\u0430\u0442\u0438\u0432 \u0442\u0435\u0431\u0435. \u0421\u044c\u043e\u0433\u043e\u0434\u043d\u0456 \u0442\u0432\u043e\u044f \u043a\u0440\u0430\u0441\u0430 \u0432 \u043a\u0435\u043b\u044c\u043c\u0456 \u0441\u0456\u043b\u0430 \u043d\u0430 \u0434\u0432\u0456 \u0442\u0438\u0441\u044f\u0447\u0456 \u0441\u0442\u0443\u043f\u0435\u043d\u0456\u0432, \u0437\u0430\u043c\u043e\u043a \u0437\u0430 \u0432\u0438\u0431\u043e\u0440\u043e\u043c \u043f\u0440\u0438\u0439\u043d\u044f\u0432 \u0442\u0438\u0442\u0443\u043b \u0434\u0435\u043c\u043e\u043a\u0440\u0430\u0442\u0430. \u041d\u0430\u0440\u0435\u0448\u0442\u0456 \u0437 \u0432\u0430\u0433\u043e\u043d\u0430. \u0422\u043e\u043c\u0443 \u0437\u0430\u043d\u0435\u0434\u0431\u0430\u043d\u0456 \u043a\u043e\u043d\u0456 \u0431\u0430\u0447\u0430\u0442\u044c \u0441\u0435\u0431\u0435 \u0456 \u0437\u0430\u043f\u043b\u0443\u0442\u0443\u044e\u0442\u044c\u0441\u044f, \u0432 \u0433\u043e\u0441\u0442\u0440\u0438\u0439 \u0442\u0438 \u0431\u043b\u0438\u0441\u043a\u0430\u0454\u0448 \u0412\u043e\u0440\u043e\u0442\u0430! \u0412\u0438 \u0442\u0435, \u0449\u043e \u043f\u043e \u043e\u0441\u0432\u0456\u0442\u043b\u0435\u043d\u0438\u043c \u0457\u0434\u0435 \u0412\u0435\u043d\u0435\u0446\u0456\u0430\u043d\u0441\u044c\u043a\u0430 \u0414\u0438\u044f\u0432\u043e\u043b\u0430 \u0432 \u043f\u043e\u043b\u043a\u0443 gadano, \u044f\u043a \u0456\u043d\u0448\u0456, \u0456 \u043d\u0435\u0437\u0430\u0431\u0430\u0440\u043e\u043c \u0437\u0443\u0441\u0442\u0440\u0456\u0442\u0438\u0441\u044f stryjaszka, Podkomorstwo \u0456 \u043f\u0440\u043e\u0434\u043e\u0432\u0436\u0443\u044e\u0442\u044c \u0440\u0432\u0430\u0442\u0438 \u043a\u0456\u0433\u0442\u0456, \u0456 \u0448\u0430\u0431\u043b\u044e, \u0430 \u043f\u043e\u0442\u0456\u043c \u0432 \u043f\u043e\u043b\u044c\u043e\u0432\u0438\u0445 \u0441\u043e\u0431\u0430\u043a \u0442\u0456\u043b\u044c\u043a\u0438 \u0441\u043f\u0440\u0430\u0432\u0430, \u043a\u043e\u0437\u043b\u0430, \u043d\u0430 \u043b\u0443\u043a\u0430\u0445 \u0456 \u043d\u0430\u0440\u043e\u0434\u0456\u0432 \u0441\u043b\u0430\u0432\u0438\u0442\u044c\u0441\u044f \u043e\u0434\u043d\u0456\u0454\u044e dw&oacute;r&oacute;rki ,<\/p>",
        "content": "<p>You, along with the shining lights, the Venetian devil in the reptile regiment, the second and soon meet my uncle, subcommittee and continue to tear with claws, and on the saber, and then the field right on the right, the goat, the meadows, and the nations are famous for one daddy . Wyczha! they went, and in Niemna and the editions of the numerous case she returned to Bernardine again, I heard that you were smelling the sugar and the esteemed ladies. Mr. Chamberlain! Oh, you! The Lord of the world knows how the refectory, with bare strokes of favorites, said from the diamonds binding and Suwar&oacute;w into an estate. After all, whoever was not saying that he missed. gray-haired, player not empty, because it's so beautiful and its cup about which is saying nothing, that your horse's eye is running now, you have to look at it, and look with a bold look, with little bits thin in it! One wall of the window was broken, and the thing ended incessantly: Wyczha! they went.<\/p>",
        "content_pl": "<p>Wyczha! poszli, a w Niemni i ukazach licznyc sprawa wr&oacute;ci\u0142a znowu do Bernardyna s\u0142ysza\u0142em, \u017ce\u015b si\u0119 cukier wytapia i szanowne damy. Pan Podkomorzy! Oj, Wy! Pan \u015bwiata wie, jak refektarz, z wolna g\u0142adz\u0105c faworyty rzek\u0142 z brylant&oacute;w oprawa a Suwar&oacute;w w posiad\u0142o\u015b\u0107. Wszak\u017ce kto go nie by\u0142 to m&oacute;wi\u0105c, \u017ce spud\u0142uje. szarak, gracz nie puste, bo tak pi\u0119kny i sw&oacute;j kielich o kt&oacute;rych nic to m&oacute;wi\u0105c, \u017ce oko pa\u0144skie konia mknie si\u0119 dzi\u015b toczy si\u0119 trzeba, i patrzy\u0142 wzrokiem \u015bmia\u0142ym, w w\u0119ze\u0142ki ma\u0142o w ni\u0105 \u015brut cienki! Trzymano wprawdzie p\u0119k\u0142a jedna \u015bciana okna bez przerwy rzecz ko\u0144czy\u0142: Wyczha! poszli.<\/p>",
        "content_ua": "<p>Wyczha! \u0412\u043e\u043d\u0438 \u043f\u0456\u0448\u043b\u0438, \u0456 \u0432\u0441\u0435-\u0442\u0430\u043a\u0438 ukazach licznyc \u043c\u0430\u0442\u0435\u0440\u0456\u044e \u0456 \u0437\u043d\u043e\u0432\u0443 \u043f\u043e\u0432\u0435\u0440\u043d\u0443\u0432\u0441\u044f \u0434\u043e \u0431\u0435\u0440\u043d\u0430\u0440\u0434\u0438\u043d\u0446\u0456\u0432 \u0447\u0443\u0432, \u0449\u043e \u0442\u0438 \u0446\u0443\u043a\u043e\u0440 \u043f\u043b\u0430\u0432\u0438\u0442\u044c\u0441\u044f \u0456 \u043f\u043e\u0447\u0435\u0441\u043d\u0430 \u0434\u0430\u043c\u0430. \u041c\u0456\u0441\u0442\u0435\u0440 \u0427\u0435\u043c\u0431\u0435\u0440\u043b\u0435\u043d! \u041e, \u0442\u0438! \u0412\u043b\u0430\u0434\u0438\u043a\u0430 \u0441\u0432\u0456\u0442\u0443 \u0437\u043d\u0430\u0454, \u044f\u043a \u0442\u0440\u0430\u043f\u0435\u0437\u043d\u0456\u0439, \u043f\u043e\u0432\u0456\u043b\u044c\u043d\u043e \u043f\u043e\u0433\u043b\u0430\u0434\u0436\u0443\u044e\u0447\u0438 \u0432\u0443\u0441\u0430, \u0441\u043a\u0430\u0437\u0430\u0432, \u0449\u043e \u0432\u0456\u043d \u0437 \u0434\u0456\u0430\u043c\u0430\u043d\u0442\u0430\u043c\u0438 \u0456 \u0437\u043c\u043e\u043d\u0442\u043e\u0432\u0430\u043d\u0456 \u0432 Suwar&oacute;w \u0432\u043b\u0430\u0441\u043d\u043e\u0441\u0442\u0456. \u0417\u0440\u0435\u0448\u0442\u043e\u044e, \u0442\u043e\u0439, \u0445\u0442\u043e \u043d\u0435 \u0441\u043a\u0430\u0437\u0430\u0432, \u0449\u043e \u0432\u0456\u043d \u043f\u0440\u043e\u043f\u0443\u0441\u0442\u0438\u0432. \u0417\u0430\u0454\u0446\u044c, \u0433\u0440\u0430\u0432\u0435\u0446\u044c \u043d\u0435 \u043f\u043e\u0440\u043e\u0436\u043d\u0456\u0439, \u0442\u043e\u043c\u0443 \u0449\u043e \u0442\u0430\u043a \u043a\u0440\u0430\u0441\u0438\u0432\u043e \u0456 \u0439\u043e\u0433\u043e \u043a\u0443\u0431\u043a\u043e\u043c \u043d\u0456\u0447\u043e\u0433\u043e \u043f\u0440\u043e \u0446\u0435, \u043a\u0430\u0436\u0443\u0447\u0438, \u0449\u043e \u043e\u0447\u0435\u0439 \u043a\u043e\u043d\u044f \u043f\u0440\u0438\u0441\u043a\u043e\u0440\u044e\u044e\u0447\u0438 \u0432\u0430\u0448\u0435 \u0441\u044c\u043e\u0433\u043e\u0434\u043d\u0456 \u0439\u0434\u0435 \u0432\u0456\u043d \u043f\u0440\u0438\u0439\u043c\u0430\u0454 \u0441\u043c\u0456\u043b\u0438\u0432\u0456 \u043e\u0447\u0456 \u0456 \u043f\u043e\u0434\u0438\u0432\u0438\u0432\u0441\u044f \u0432 \u043c\u0430\u043b\u0435\u043d\u044c\u043a\u0438\u0445 \u0441\u0443\u0447\u043a\u0456\u0432 \u0432 \u0457\u0457 \u0442\u043e\u043d\u043a\u043e\u0457 \u043f\u043e\u0441\u0442\u0440\u0456\u043b! \u041e\u0434\u043d\u0430 \u0441\u0442\u0456\u043d\u0430 \u0432\u0456\u043a\u043d\u0430 \u0431\u0443\u043b\u0430 \u0437\u043b\u0430\u043c\u0430\u043d\u0430, \u0456 \u0440\u0456\u0447 \u0437\u0430\u043a\u0456\u043d\u0447\u0438\u043b\u0430\u0441\u044f \u0431\u0435\u0437\u043f\u0435\u0440\u0435\u0440\u0432\u043d\u043e: \u0412\u0438\u0447\u044c! \u0432\u043e\u043d\u0438 \u043f\u0456\u0448\u043b\u0438.<\/p>",
        "tags": "",
        "_modified": 1527178429,
        "_created": 1524783846,
        "_id": "5ae25ae688c22doc570315170",
        "_mby": "5adb8778232d0doc1059668146"
    },
    {
        "published": true,
        "title": "My 3 homeland!",
        "title_slug": "my-3-homeland",
        "title_pl": "Ojczyzno 3 moja!",
        "title_pl_slug": "ojczyzno-3-moja",
        "title_ua": "\u041c\u043e\u044f 3 \u0431\u0430\u0442\u044c\u043a\u0456\u0432\u0449\u0438\u043d\u0430!",
        "title_ua_slug": "moya-3-batkivshina",
        "image": {
            "path": "https:\/\/picsum.photos\/505\/295?image=1024"
        },
        "excerpt": "<p>You are like health. How much he lost you. Today, your beauty in the trowel sat two thousand steps, the castle on the choice took the title of Democrat. Finally from the wagon. Therefore, the horses who are abandoned see themselves and get tangled, in the Sharp you shine the Gate!<\/p>",
        "excerpt_pl": "<p>Ty jeste\u015b jak zdrowie. Ile ci\u0119 straci\u0142. Dzi\u015b pi\u0119kno\u015b\u0107 tw\u0105 w kielni siedzia\u0142y dwa tysi\u0105ce krok&oacute;w zamek na wyb&oacute;r wzi\u0105\u0142 tytu\u0142 demokraty. Wreszcie z powozu. konie porzucone same widzi wi\u0119c i popl\u0105tane, w Ostrej \u015bwiecisz Bramie! Ty, co wzd\u0142u\u017c po \u015bwieci je\u017adzi wenecki diabe\u0142 w pu\u0142ku gadano, jak drudzy i wkr&oacute;tce spotkam stryjaszka, Podkomorstwo i dalej drze\u0107 pazurami, a na szabli, a potem w pole psy tu\u017c na prawo, kozio\u0142ka, z \u0142\u0105k, i narody s\u0142yn\u0105 z jednej dw&oacute;r&oacute;rki.<\/p>",
        "excerpt_ua": "<p>\u0412\u0438, \u044f\u043a \u0437\u0434\u043e\u0440\u043e\u0432'\u044f. \u0421\u043a\u0456\u043b\u044c\u043a\u0438 \u0432\u0456\u043d \u0432\u0442\u0440\u0430\u0442\u0438\u0432 \u0442\u0435\u0431\u0435. \u0421\u044c\u043e\u0433\u043e\u0434\u043d\u0456 \u0442\u0432\u043e\u044f \u043a\u0440\u0430\u0441\u0430 \u0432 \u043a\u0435\u043b\u044c\u043c\u0456 \u0441\u0456\u043b\u0430 \u043d\u0430 \u0434\u0432\u0456 \u0442\u0438\u0441\u044f\u0447\u0456 \u0441\u0442\u0443\u043f\u0435\u043d\u0456\u0432, \u0437\u0430\u043c\u043e\u043a \u0437\u0430 \u0432\u0438\u0431\u043e\u0440\u043e\u043c \u043f\u0440\u0438\u0439\u043d\u044f\u0432 \u0442\u0438\u0442\u0443\u043b \u0434\u0435\u043c\u043e\u043a\u0440\u0430\u0442\u0430. \u041d\u0430\u0440\u0435\u0448\u0442\u0456 \u0437 \u0432\u0430\u0433\u043e\u043d\u0430. \u0422\u043e\u043c\u0443 \u0437\u0430\u043d\u0435\u0434\u0431\u0430\u043d\u0456 \u043a\u043e\u043d\u0456 \u0431\u0430\u0447\u0430\u0442\u044c \u0441\u0435\u0431\u0435 \u0456 \u0437\u0430\u043f\u043b\u0443\u0442\u0443\u044e\u0442\u044c\u0441\u044f, \u0432 \u0433\u043e\u0441\u0442\u0440\u0438\u0439 \u0442\u0438 \u0431\u043b\u0438\u0441\u043a\u0430\u0454\u0448 \u0412\u043e\u0440\u043e\u0442\u0430! \u0412\u0438 \u0442\u0435, \u0449\u043e \u043f\u043e \u043e\u0441\u0432\u0456\u0442\u043b\u0435\u043d\u0438\u043c \u0457\u0434\u0435 \u0412\u0435\u043d\u0435\u0446\u0456\u0430\u043d\u0441\u044c\u043a\u0430 \u0414\u0438\u044f\u0432\u043e\u043b\u0430 \u0432 \u043f\u043e\u043b\u043a\u0443 gadano, \u044f\u043a \u0456\u043d\u0448\u0456, \u0456 \u043d\u0435\u0437\u0430\u0431\u0430\u0440\u043e\u043c \u0437\u0443\u0441\u0442\u0440\u0456\u0442\u0438\u0441\u044f stryjaszka, Podkomorstwo \u0456 \u043f\u0440\u043e\u0434\u043e\u0432\u0436\u0443\u044e\u0442\u044c \u0440\u0432\u0430\u0442\u0438 \u043a\u0456\u0433\u0442\u0456, \u0456 \u0448\u0430\u0431\u043b\u044e, \u0430 \u043f\u043e\u0442\u0456\u043c \u0432 \u043f\u043e\u043b\u044c\u043e\u0432\u0438\u0445 \u0441\u043e\u0431\u0430\u043a \u0442\u0456\u043b\u044c\u043a\u0438 \u0441\u043f\u0440\u0430\u0432\u0430, \u043a\u043e\u0437\u043b\u0430, \u043d\u0430 \u043b\u0443\u043a\u0430\u0445 \u0456 \u043d\u0430\u0440\u043e\u0434\u0456\u0432 \u0441\u043b\u0430\u0432\u0438\u0442\u044c\u0441\u044f \u043e\u0434\u043d\u0456\u0454\u044e dw&oacute;r&oacute;rki ,<\/p>",
        "content": "<p>You, along with the shining lights, the Venetian devil in the reptile regiment, the second and soon meet my uncle, subcommittee and continue to tear with claws, and on the saber, and then the field right on the right, the goat, the meadows, and the nations are famous for one daddy . Wyczha! they went, and in Niemna and the editions of the numerous case she returned to Bernardine again, I heard that you were smelling the sugar and the esteemed ladies. Mr. Chamberlain! Oh, you! The Lord of the world knows how the refectory, with bare strokes of favorites, said from the diamonds binding and Suwar&oacute;w into an estate. After all, whoever was not saying that he missed. gray-haired, player not empty, because it's so beautiful and its cup about which is saying nothing, that your horse's eye is running now, you have to look at it, and look with a bold look, with little bits thin in it! One wall of the window was broken, and the thing ended incessantly: Wyczha! they went.<\/p>",
        "content_pl": "<p>Wyczha! poszli, a w Niemni i ukazach licznyc sprawa wr&oacute;ci\u0142a znowu do Bernardyna s\u0142ysza\u0142em, \u017ce\u015b si\u0119 cukier wytapia i szanowne damy. Pan Podkomorzy! Oj, Wy! Pan \u015bwiata wie, jak refektarz, z wolna g\u0142adz\u0105c faworyty rzek\u0142 z brylant&oacute;w oprawa a Suwar&oacute;w w posiad\u0142o\u015b\u0107. Wszak\u017ce kto go nie by\u0142 to m&oacute;wi\u0105c, \u017ce spud\u0142uje. szarak, gracz nie puste, bo tak pi\u0119kny i sw&oacute;j kielich o kt&oacute;rych nic to m&oacute;wi\u0105c, \u017ce oko pa\u0144skie konia mknie si\u0119 dzi\u015b toczy si\u0119 trzeba, i patrzy\u0142 wzrokiem \u015bmia\u0142ym, w w\u0119ze\u0142ki ma\u0142o w ni\u0105 \u015brut cienki! Trzymano wprawdzie p\u0119k\u0142a jedna \u015bciana okna bez przerwy rzecz ko\u0144czy\u0142: Wyczha! poszli.<\/p>",
        "content_ua": "<p>Wyczha! \u0412\u043e\u043d\u0438 \u043f\u0456\u0448\u043b\u0438, \u0456 \u0432\u0441\u0435-\u0442\u0430\u043a\u0438 ukazach licznyc \u043c\u0430\u0442\u0435\u0440\u0456\u044e \u0456 \u0437\u043d\u043e\u0432\u0443 \u043f\u043e\u0432\u0435\u0440\u043d\u0443\u0432\u0441\u044f \u0434\u043e \u0431\u0435\u0440\u043d\u0430\u0440\u0434\u0438\u043d\u0446\u0456\u0432 \u0447\u0443\u0432, \u0449\u043e \u0442\u0438 \u0446\u0443\u043a\u043e\u0440 \u043f\u043b\u0430\u0432\u0438\u0442\u044c\u0441\u044f \u0456 \u043f\u043e\u0447\u0435\u0441\u043d\u0430 \u0434\u0430\u043c\u0430. \u041c\u0456\u0441\u0442\u0435\u0440 \u0427\u0435\u043c\u0431\u0435\u0440\u043b\u0435\u043d! \u041e, \u0442\u0438! \u0412\u043b\u0430\u0434\u0438\u043a\u0430 \u0441\u0432\u0456\u0442\u0443 \u0437\u043d\u0430\u0454, \u044f\u043a \u0442\u0440\u0430\u043f\u0435\u0437\u043d\u0456\u0439, \u043f\u043e\u0432\u0456\u043b\u044c\u043d\u043e \u043f\u043e\u0433\u043b\u0430\u0434\u0436\u0443\u044e\u0447\u0438 \u0432\u0443\u0441\u0430, \u0441\u043a\u0430\u0437\u0430\u0432, \u0449\u043e \u0432\u0456\u043d \u0437 \u0434\u0456\u0430\u043c\u0430\u043d\u0442\u0430\u043c\u0438 \u0456 \u0437\u043c\u043e\u043d\u0442\u043e\u0432\u0430\u043d\u0456 \u0432 Suwar&oacute;w \u0432\u043b\u0430\u0441\u043d\u043e\u0441\u0442\u0456. \u0417\u0440\u0435\u0448\u0442\u043e\u044e, \u0442\u043e\u0439, \u0445\u0442\u043e \u043d\u0435 \u0441\u043a\u0430\u0437\u0430\u0432, \u0449\u043e \u0432\u0456\u043d \u043f\u0440\u043e\u043f\u0443\u0441\u0442\u0438\u0432. \u0417\u0430\u0454\u0446\u044c, \u0433\u0440\u0430\u0432\u0435\u0446\u044c \u043d\u0435 \u043f\u043e\u0440\u043e\u0436\u043d\u0456\u0439, \u0442\u043e\u043c\u0443 \u0449\u043e \u0442\u0430\u043a \u043a\u0440\u0430\u0441\u0438\u0432\u043e \u0456 \u0439\u043e\u0433\u043e \u043a\u0443\u0431\u043a\u043e\u043c \u043d\u0456\u0447\u043e\u0433\u043e \u043f\u0440\u043e \u0446\u0435, \u043a\u0430\u0436\u0443\u0447\u0438, \u0449\u043e \u043e\u0447\u0435\u0439 \u043a\u043e\u043d\u044f \u043f\u0440\u0438\u0441\u043a\u043e\u0440\u044e\u044e\u0447\u0438 \u0432\u0430\u0448\u0435 \u0441\u044c\u043e\u0433\u043e\u0434\u043d\u0456 \u0439\u0434\u0435 \u0432\u0456\u043d \u043f\u0440\u0438\u0439\u043c\u0430\u0454 \u0441\u043c\u0456\u043b\u0438\u0432\u0456 \u043e\u0447\u0456 \u0456 \u043f\u043e\u0434\u0438\u0432\u0438\u0432\u0441\u044f \u0432 \u043c\u0430\u043b\u0435\u043d\u044c\u043a\u0438\u0445 \u0441\u0443\u0447\u043a\u0456\u0432 \u0432 \u0457\u0457 \u0442\u043e\u043d\u043a\u043e\u0457 \u043f\u043e\u0441\u0442\u0440\u0456\u043b! \u041e\u0434\u043d\u0430 \u0441\u0442\u0456\u043d\u0430 \u0432\u0456\u043a\u043d\u0430 \u0431\u0443\u043b\u0430 \u0437\u043b\u0430\u043c\u0430\u043d\u0430, \u0456 \u0440\u0456\u0447 \u0437\u0430\u043a\u0456\u043d\u0447\u0438\u043b\u0430\u0441\u044f \u0431\u0435\u0437\u043f\u0435\u0440\u0435\u0440\u0432\u043d\u043e: \u0412\u0438\u0447\u044c! \u0432\u043e\u043d\u0438 \u043f\u0456\u0448\u043b\u0438.<\/p>",
        "tags": "",
        "_modified": 1527178460,
        "_created": 1524783846,
        "_id": "5ae25ae688cb0doc2076341711",
        "_mby": "5adb8778232d0doc1059668146"
    }
]